mp_id,name,constituency_id,party,since,until,photo,link
1,Vladimír Kulhánek,1,ODS,1996-11-23,1998-11-23,/images/senatori/kulhanekv_295.jpg,https://senat.cz/senatori/index.php?ke_dni=23.02.1997&lng=cz&par_3=1
1,Vladimír Kulhánek,1,ODS,1998-11-21,2004-11-21,/images/senatori/kulhanekv_295.jpg,https://senat.cz/senatori/index.php?ke_dni=21.02.1999&lng=cz&par_3=1
169,Jan Horník,1,ED,2004-11-13,2010-11-13,/images/senatori/hornikj_295.jpg,https://senat.cz/senatori/index.php?ke_dni=13.02.2005&lng=cz&par_3=169
169,Jan Horník,1,TOP+STAN,2010-10-23,2016-10-23,/images/senatori/hornikj_295.jpg,https://senat.cz/senatori/index.php?ke_dni=23.01.2011&lng=cz&par_3=169
169,Jan Horník,1,STAN,2016-10-15,2022-10-15,/images/senatori/hornikj_295.jpg,https://senat.cz/senatori/index.php?ke_dni=15.01.2017&lng=cz&par_3=169
356,Věra Procházková,1,ANO,2022-10-01,2028-10-01,/images/senatori/prochazkovav_295.jpg,https://senat.cz/senatori/index.php?ke_dni=01.01.2023&lng=cz&par_3=356
2,Jiří Vyvadil,2,ČSSD,1996-11-23,2000-11-23,/images/senatori/vyvadilj_295.jpg,https://senat.cz/senatori/index.php?ke_dni=23.02.1997&lng=cz&par_3=2
110,Jan Hadrava,2,US,2000-11-19,2006-11-19,/images/senatori/hadravaj_295.jpg,https://senat.cz/senatori/index.php?ke_dni=19.02.2001&lng=cz&par_3=110
190,Pavel Čáslava,2,ODS,2006-10-28,2012-10-28,/images/senatori/caslavap_295.jpg,https://senat.cz/senatori/index.php?ke_dni=28.01.2007&lng=cz&par_3=190
254,Zdeněk Berka,2,ČSSD,2012-10-20,2018-10-20,/images/senatori/berkaz_295.jpg,https://senat.cz/senatori/index.php?ke_dni=20.01.2013&lng=cz&par_3=254
314,Miroslav Balatka,2,STAN,2018-10-13,2024-10-13,/images/senatori/balatkam_295.jpg,https://senat.cz/senatori/index.php?ke_dni=13.01.2019&lng=cz&par_3=314
3,Peter Morávek,3,ČSSD,1996-11-23,2002-11-23,/images/senatori/moravekp_295.jpg,https://senat.cz/senatori/index.php?ke_dni=23.02.1997&lng=cz&par_3=3
144,Ladislav Macák,3,ČSSD,2002-11-02,2008-11-02,/images/senatori/macakl_295.jpg,https://senat.cz/senatori/index.php?ke_dni=02.02.2003&lng=cz&par_3=144
211,Miroslav Nenutil,3,ČSSD,2008-10-25,2014-10-25,/images/senatori/nenutilm_295.jpg,https://senat.cz/senatori/index.php?ke_dni=25.01.2009&lng=cz&par_3=211
211,Miroslav Nenutil,3,ČSSD,2014-10-18,2020-10-18,/images/senatori/nenutilm_295.jpg,https://senat.cz/senatori/index.php?ke_dni=18.01.2015&lng=cz&par_3=211
336,Miroslav Plevný,3,STAN,2020-10-10,2026-10-10,/images/senatori/plevnym_295.jpg,https://senat.cz/senatori/index.php?ke_dni=10.01.2021&lng=cz&par_3=336
4,Richard Falbr,4,NK,1996-11-23,1998-11-23,/images/senatori/falbrr_295.jpg,https://senat.cz/senatori/index.php?ke_dni=23.02.1997&lng=cz&par_3=4
4,Richard Falbr,4,ČSSD,1998-11-21,2004-07-20,/images/senatori/falbrr_295.jpg,https://senat.cz/senatori/index.php?ke_dni=21.02.1999&lng=cz&par_3=4
170,Vlastimil Balín,4,KSČM,2004-11-13,2010-11-13,/images/senatori/balinv_295.jpg,https://senat.cz/senatori/index.php?ke_dni=13.02.2005&lng=cz&par_3=170
233,Alena Dernerová,4,S.cz,2010-10-23,2016-10-23,/images/senatori/dernerovaa_295.jpg,https://senat.cz/senatori/index.php?ke_dni=23.01.2011&lng=cz&par_3=233
233,Alena Dernerová,4,SD-SN,2017-01-28,2022-10-15,/images/senatori/dernerovaa_295.jpg,https://senat.cz/senatori/index.php?ke_dni=28.04.2017&lng=cz&par_3=233
357,Jan Paparega,4,ProMOST,2022-10-01,2028-10-01,/images/senatori/paparegaj_295.jpg,https://senat.cz/senatori/index.php?ke_dni=01.01.2023&lng=cz&par_3=357
5,Ladislav Drlý,5,KSČM,1996-11-23,2000-11-23,/images/senatori/drlyl_295.jpg,https://senat.cz/senatori/index.php?ke_dni=23.02.1997&lng=cz&par_3=5
111,Alexandr Novák,5,ODS,2000-11-19,2006-11-19,/images/senatori/novaka_295.jpg,https://senat.cz/senatori/index.php?ke_dni=19.02.2001&lng=cz&par_3=111
191,Petr Skála,5,NK,2006-10-28,2007-01-30,/images/senatori/skalap_295.jpg,https://senat.cz/senatori/index.php?ke_dni=28.01.2007&lng=cz&par_3=191
209,Václav Homolka,5,KSČM,2007-04-21,2012-10-28,/images/senatori/homolkav_295.jpg,https://senat.cz/senatori/index.php?ke_dni=21.07.2007&lng=cz&par_3=209
209,Václav Homolka,5,KSČM,2012-10-20,2018-10-20,/images/senatori/homolkav_295.jpg,https://senat.cz/senatori/index.php?ke_dni=20.01.2013&lng=cz&par_3=209
315,Přemysl Rabas,5,SEN 21,2018-10-13,2024-10-13,/images/senatori/rabasp_295.jpg,https://senat.cz/senatori/index.php?ke_dni=13.01.2019&lng=cz&par_3=315
6,Ivan Havlíček,6,ČSSD,1996-11-23,2002-11-23,/images/senatori/havliceki_295.jpg,https://senat.cz/senatori/index.php?ke_dni=23.02.1997&lng=cz&par_3=6
149,Miloslav Pelc,6,ODS,2002-11-02,2008-11-02,/images/senatori/pelcm_295.jpg,https://senat.cz/senatori/index.php?ke_dni=02.02.2003&lng=cz&par_3=149
212,Marcel Chládek,6,ČSSD,2008-10-25,2014-10-25,/images/senatori/chladekm_295.jpg,https://senat.cz/senatori/index.php?ke_dni=25.01.2009&lng=cz&par_3=212
274,Zdeňka Hamousová,6,ANO 2011,2014-10-18,2020-10-18,/images/senatori/hamousovaz_295.jpg,https://senat.cz/senatori/index.php?ke_dni=18.01.2015&lng=cz&par_3=274
337,Ivo Trešl,6,STAN,2020-10-10,2026-10-10,/images/senatori/tresli_295.jpg,https://senat.cz/senatori/index.php?ke_dni=10.01.2021&lng=cz&par_3=337
7,Jaroslav Jurečka,7,ODS,1996-11-23,1998-11-23,/images/senatori/jureckaj_295.jpg,https://senat.cz/senatori/index.php?ke_dni=23.02.1997&lng=cz&par_3=7
84,Jiří Skalický,7,4KOALICE,1998-11-21,2004-11-21,/images/senatori/skalickyj_295.jpg,https://senat.cz/senatori/index.php?ke_dni=21.02.1999&lng=cz&par_3=84
168,Jiří Šneberger,7,ODS,2004-11-06,2010-11-06,/images/senatori/snebergerj_295.jpg,https://senat.cz/senatori/index.php?ke_dni=06.02.2005&lng=cz&par_3=168
234,Dagmar Terelmešová,7,ČSSD,2010-10-23,2016-10-23,/images/senatori/terelmesovad_295.jpg,https://senat.cz/senatori/index.php?ke_dni=23.01.2011&lng=cz&par_3=234
294,Václav Chaloupek,7,OPAT,2016-10-15,2022-10-15,/images/senatori/chaloupekv_295.jpg,https://senat.cz/senatori/index.php?ke_dni=15.01.2017&lng=cz&par_3=294
358,Daniela Kovářová,7,NK,2022-10-01,2028-10-01,/images/senatori/kovarovad_295.jpg,https://senat.cz/senatori/index.php?ke_dni=01.01.2023&lng=cz&par_3=358
8,František Jirava,8,ČSSD,1996-11-23,2000-11-23,/images/senatori/jiravaf_295.jpg,https://senat.cz/senatori/index.php?ke_dni=23.02.1997&lng=cz&par_3=8
112,Luděk Sefzig,8,ODS,2000-11-19,2006-11-19,/images/senatori/sefzigl_295.jpg,https://senat.cz/senatori/index.php?ke_dni=19.02.2001&lng=cz&par_3=112
112,Luděk Sefzig,8,ODS,2006-10-28,2012-10-28,/images/senatori/sefzigl_295.jpg,https://senat.cz/senatori/index.php?ke_dni=28.01.2007&lng=cz&par_3=112
257,Milada Emmerová,8,ČSSD,2012-10-20,2018-10-20,/images/senatori/emmerovam_295.jpg,https://senat.cz/senatori/index.php?ke_dni=20.01.2013&lng=cz&par_3=257
316,Pavel Karpíšek,8,ODS,2018-10-13,2024-10-13,/images/senatori/karpisekp_295.jpg,https://senat.cz/senatori/index.php?ke_dni=13.01.2019&lng=cz&par_3=316
9,Bohumil Kulhánek,9,ODS,1996-11-23,2002-11-23,/images/senatori/kulhanekb_295.jpg,https://senat.cz/senatori/index.php?ke_dni=23.02.1997&lng=cz&par_3=9
154,Richard Sequens,9,US-DEU,2002-11-02,2008-11-02,/images/senatori/sequensr_295.jpg,https://senat.cz/senatori/index.php?ke_dni=02.02.2003&lng=cz&par_3=154
213,Jiří Bis,9,ČSSD,2008-10-25,2014-10-25,/images/senatori/bisj_295.jpg,https://senat.cz/senatori/index.php?ke_dni=25.01.2009&lng=cz&par_3=213
275,Lumír Aschenbrenner,9,ODS+KČ,2014-10-18,2020-10-18,/images/senatori/aschenbrennerl_295.jpg,https://senat.cz/senatori/index.php?ke_dni=18.01.2015&lng=cz&par_3=275
275,Lumír Aschenbrenner,9,ODSTOPKDUADSMon,2020-10-10,2026-10-10,/images/senatori/aschenbrennerl_295.jpg,https://senat.cz/senatori/index.php?ke_dni=10.01.2021&lng=cz&par_3=275
10,Karel Vachta,10,ČSSD,1996-11-23,1998-11-23,/images/senatori/vachtak_295.jpg,https://senat.cz/senatori/index.php?ke_dni=23.02.1997&lng=cz&par_3=10
85,Martin Dvořák,10,ODS,1998-11-21,2004-11-21,/images/senatori/dvorakm_295.jpg,https://senat.cz/senatori/index.php?ke_dni=21.02.1999&lng=cz&par_3=85
171,Tomáš Jirsa,10,ODS,2004-11-13,2010-11-13,/images/senatori/jirsat_295.jpg,https://senat.cz/senatori/index.php?ke_dni=13.02.2005&lng=cz&par_3=171
171,Tomáš Jirsa,10,ODS,2010-10-23,2016-10-23,/images/senatori/jirsat_295.jpg,https://senat.cz/senatori/index.php?ke_dni=23.01.2011&lng=cz&par_3=171
171,Tomáš Jirsa,10,ODS,2016-10-15,2022-10-15,/images/senatori/jirsat_295.jpg,https://senat.cz/senatori/index.php?ke_dni=15.01.2017&lng=cz&par_3=171
171,Tomáš Jirsa,10,ODS,2022-10-01,2028-10-01,/images/senatori/jirsat_295.jpg,https://senat.cz/senatori/index.php?ke_dni=01.01.2023&lng=cz&par_3=171
11,Petr Smutný,11,ČSSD,1996-11-23,2000-11-23,/images/senatori/smutnyp_295.jpg,https://senat.cz/senatori/index.php?ke_dni=23.02.1997&lng=cz&par_3=11
11,Petr Smutný,11,ČSSD,2000-11-19,2006-11-19,/images/senatori/smutnyp_295.jpg,https://senat.cz/senatori/index.php?ke_dni=19.02.2001&lng=cz&par_3=11
192,Jiřina Rippelová,11,ČSSD,2006-10-28,2012-10-28,/images/senatori/rippelovaj_295.jpg,https://senat.cz/senatori/index.php?ke_dni=28.01.2007&lng=cz&par_3=192
260,Jan Látka,11,ČSSD,2012-10-20,2018-10-20,/images/senatori/latkaj_295.jpg,https://senat.cz/senatori/index.php?ke_dni=20.01.2013&lng=cz&par_3=260
317,Vladislav Vilímec,11,ODS,2018-10-13,2024-10-13,/images/senatori/vilimecv_295.jpg,https://senat.cz/senatori/index.php?ke_dni=13.01.2019&lng=cz&par_3=317
12,Pavel Rychetský,12,ČSSD,1996-11-23,2002-11-23,/images/senatori/rychetskyp_295.jpg,https://senat.cz/senatori/index.php?ke_dni=23.02.1997&lng=cz&par_3=12
12,Pavel Rychetský,12,ČSSD,2002-11-02,2003-08-06,/images/senatori/rychetskyp_295.jpg,https://senat.cz/senatori/index.php?ke_dni=02.02.2003&lng=cz&par_3=12
165,Josef Kalbáč,12,KDU-ČSL,2003-11-01,2008-11-02,/images/senatori/kalbacj_295.jpg,https://senat.cz/senatori/index.php?ke_dni=01.02.2004&lng=cz&par_3=165
214,Miroslav Krejča,12,ČSSD,2008-10-25,2014-10-25,/images/senatori/krejcam_295.jpg,https://senat.cz/senatori/index.php?ke_dni=25.01.2009&lng=cz&par_3=214
276,Karel Kratochvíle,12,ČSSD,2014-10-18,2020-10-18,/images/senatori/kratochvilek_295.jpg,https://senat.cz/senatori/index.php?ke_dni=18.01.2015&lng=cz&par_3=276
339,Tomáš Fiala,12,ODS,2020-10-10,2026-10-10,/images/senatori/fialat_295.jpg,https://senat.cz/senatori/index.php?ke_dni=10.01.2021&lng=cz&par_3=339
13,Pavel Eybert,13,ODS,1996-11-23,1998-11-23,/images/senatori/eybertp_295.jpg,https://senat.cz/senatori/index.php?ke_dni=23.02.1997&lng=cz&par_3=13
13,Pavel Eybert,13,ODS,1998-11-21,2004-11-21,/images/senatori/eybertp_295.jpg,https://senat.cz/senatori/index.php?ke_dni=21.02.1999&lng=cz&par_3=13
13,Pavel Eybert,13,ODS,2004-11-13,2010-11-13,/images/senatori/eybertp_295.jpg,https://senat.cz/senatori/index.php?ke_dni=13.02.2005&lng=cz&par_3=13
13,Pavel Eybert,13,ODS,2010-10-23,2016-10-23,/images/senatori/eybertp_295.jpg,https://senat.cz/senatori/index.php?ke_dni=23.01.2011&lng=cz&par_3=13
295,Jaroslav Větrovský,13,ANO 2011,2016-10-15,2022-10-15,/images/senatori/vetrovskyj_295.jpg,https://senat.cz/senatori/index.php?ke_dni=15.01.2017&lng=cz&par_3=295
359,Marek Slabý,13,KDUODST2020TOP,2022-10-01,2028-10-01,/images/senatori/slabym_295.jpg,https://senat.cz/senatori/index.php?ke_dni=01.01.2023&lng=cz&par_3=359
14,Jiří Pospíšil,14,ODS,1996-11-23,2000-11-23,/images/senatori/pospisilj_295.jpg,https://senat.cz/senatori/index.php?ke_dni=23.02.1997&lng=cz&par_3=14
14,Jiří Pospíšil,14,ODS,2000-11-19,2006-11-19,/images/senatori/pospisilj_295.jpg,https://senat.cz/senatori/index.php?ke_dni=19.02.2001&lng=cz&par_3=14
14,Jiří Pospíšil,14,ODS,2006-10-28,2012-10-28,/images/senatori/pospisilj_295.jpg,https://senat.cz/senatori/index.php?ke_dni=28.01.2007&lng=cz&par_3=14
271,Jiří Šesták,14,STANHOPB,2012-10-20,2018-10-20,/images/senatori/sestakj_295.jpg,https://senat.cz/senatori/index.php?ke_dni=20.01.2013&lng=cz&par_3=271
318,Ladislav Faktor,14,NK,2018-10-13,2024-10-13,/images/senatori/faktorl_295.jpg,https://senat.cz/senatori/index.php?ke_dni=13.01.2019&lng=cz&par_3=318
15,Milan Štěch,15,ČSSD,1996-11-23,2002-11-23,/images/senatori/stechm_295.jpg,https://senat.cz/senatori/index.php?ke_dni=23.02.1997&lng=cz&par_3=15
15,Milan Štěch,15,ČSSD,2002-11-02,2008-11-02,/images/senatori/stechm_295.jpg,https://senat.cz/senatori/index.php?ke_dni=02.02.2003&lng=cz&par_3=15
15,Milan Štěch,15,ČSSD,2008-10-25,2014-10-25,/images/senatori/stechm_295.jpg,https://senat.cz/senatori/index.php?ke_dni=25.01.2009&lng=cz&par_3=15
15,Milan Štěch,15,ČSSD,2014-10-18,2020-10-18,/images/senatori/stechm_295.jpg,https://senat.cz/senatori/index.php?ke_dni=18.01.2015&lng=cz&par_3=15
340,Jaroslav Chalupský,15,Svobodní,2020-10-10,2026-10-10,/images/senatori/chalupskyj_295.jpg,https://senat.cz/senatori/index.php?ke_dni=10.01.2021&lng=cz&par_3=340
16,Jiří Rückl,16,ODA,1996-11-23,1998-11-23,/images/senatori/rucklj_295.jpg,https://senat.cz/senatori/index.php?ke_dni=23.02.1997&lng=cz&par_3=16
16,Jiří Rückl,16,4KOALICE,1998-11-21,2004-11-21,/images/senatori/rucklj_295.jpg,https://senat.cz/senatori/index.php?ke_dni=21.02.1999&lng=cz&par_3=16
172,Jiří Oberfalzer,16,ODS,2004-11-13,2010-11-13,/images/senatori/oberfalzerj_295.jpg,https://senat.cz/senatori/index.php?ke_dni=13.02.2005&lng=cz&par_3=172
172,Jiří Oberfalzer,16,ODS,2010-10-23,2016-10-23,/images/senatori/oberfalzerj_295.jpg,https://senat.cz/senatori/index.php?ke_dni=23.01.2011&lng=cz&par_3=172
172,Jiří Oberfalzer,16,ODS,2016-10-15,2022-10-15,/images/senatori/oberfalzerj_295.jpg,https://senat.cz/senatori/index.php?ke_dni=15.01.2017&lng=cz&par_3=172
172,Jiří Oberfalzer,16,KDU+ODS+TOP 09,2022-10-01,2028-10-01,/images/senatori/oberfalzerj_295.jpg,https://senat.cz/senatori/index.php?ke_dni=01.01.2023&lng=cz&par_3=172
17,Jan Krámek,17,ODS,1996-11-23,2000-11-23,/images/senatori/kramekj_295.jpg,https://senat.cz/senatori/index.php?ke_dni=23.02.1997&lng=cz&par_3=17
115,Edvard Outrata,17,US,2000-11-19,2006-11-19,/images/senatori/outratae_295.jpg,https://senat.cz/senatori/index.php?ke_dni=19.02.2001&lng=cz&par_3=115
193,Tomáš Grulich,17,ODS,2006-10-28,2012-10-28,/images/senatori/grulicht_295.jpg,https://senat.cz/senatori/index.php?ke_dni=28.01.2007&lng=cz&par_3=193
193,Tomáš Grulich,17,ODS,2012-10-20,2018-10-20,/images/senatori/grulicht_295.jpg,https://senat.cz/senatori/index.php?ke_dni=20.01.2013&lng=cz&par_3=193
319,Pavel Fischer,17,NK,2018-10-13,2024-10-13,/images/senatori/fischerp_295.jpg,https://senat.cz/senatori/index.php?ke_dni=13.01.2019&lng=cz&par_3=319
18,Zdeněk Vojíř,18,ČSSD,1996-11-23,2002-11-23,/images/senatori/vojirz_295.jpg,https://senat.cz/senatori/index.php?ke_dni=23.02.1997&lng=cz&par_3=18
161,Jaromír Volný,18,ODS,2002-11-02,2008-11-02,/images/senatori/volnyj_295.jpg,https://senat.cz/senatori/index.php?ke_dni=02.02.2003&lng=cz&par_3=161
215,Josef Řihák,18,ČSSD,2008-10-25,2014-10-25,/images/senatori/rihakj_295.jpg,https://senat.cz/senatori/index.php?ke_dni=25.01.2009&lng=cz&par_3=215
277,Jiří Burian,18,ODS,2014-10-18,2020-10-18,/images/senatori/burianj_295.jpg,https://senat.cz/senatori/index.php?ke_dni=18.01.2015&lng=cz&par_3=277
341,Petr Štěpánek,18,STAN,2020-10-10,2026-10-10,/images/senatori/stepanekp_295.jpg,https://senat.cz/senatori/index.php?ke_dni=10.01.2021&lng=cz&par_3=341
19,Václav Mencl,19,ODS,1996-11-23,1998-11-23,/images/senatori/menclv_295.jpg,https://senat.cz/senatori/index.php?ke_dni=23.02.1997&lng=cz&par_3=19
88,Daniel Kroupa,19,4KOALICE,1998-11-21,2004-11-21,/images/senatori/kroupad_295.jpg,https://senat.cz/senatori/index.php?ke_dni=21.02.1999&lng=cz&par_3=88
173,Jan Nádvorník,19,ODS,2004-11-13,2010-11-13,/images/senatori/nadvornikj_295.jpg,https://senat.cz/senatori/index.php?ke_dni=13.02.2005&lng=cz&par_3=173
235,Milan Pešák,19,ODS,2010-10-23,2016-10-23,/images/senatori/pesakm_295.jpg,https://senat.cz/senatori/index.php?ke_dni=23.01.2011&lng=cz&par_3=235
296,Ladislav Kos,19,KDUSZ+HPP11+Pir,2016-10-15,2022-10-15,/images/senatori/kosl_295.jpg,https://senat.cz/senatori/index.php?ke_dni=15.01.2017&lng=cz&par_3=296
362,Hana Kordová Marvanová,19,KDU+ODS+TOP 09,2022-10-01,2028-10-01,/images/senatori/marvanovah_295.jpg,https://senat.cz/senatori/index.php?ke_dni=01.01.2023&lng=cz&par_3=362
20,Zdeněk Klausner,20,ODS,1996-11-23,2000-11-23,/images/senatori/klausnerz_295.jpg,https://senat.cz/senatori/index.php?ke_dni=23.02.1997&lng=cz&par_3=20
116,Josef Zieleniec,20,US,2000-11-12,2004-07-20,/images/senatori/zieleniecj_295.jpg,https://senat.cz/senatori/index.php?ke_dni=12.02.2001&lng=cz&par_3=116
167,František Příhoda,20,ODS,2004-10-16,2006-11-12,/images/senatori/prihodaf_295.jpg,https://senat.cz/senatori/index.php?ke_dni=16.01.2005&lng=cz&par_3=167
194,Tomáš Töpfer,20,ODS,2006-10-28,2012-10-28,/images/senatori/topfert_295.jpg,https://senat.cz/senatori/index.php?ke_dni=28.01.2007&lng=cz&par_3=194
265,Eva Syková,20,ČSSD,2012-10-20,2018-10-20,/images/senatori/sykovae_295.jpg,https://senat.cz/senatori/index.php?ke_dni=20.01.2013&lng=cz&par_3=265
313,Jiří Drahoš,20,KDU+Z+STAN+TOP,2018-10-06,2024-10-06,/images/senatori/drahosj_295.jpg,https://senat.cz/senatori/index.php?ke_dni=06.01.2019&lng=cz&par_3=313
21,Michael Žantovský,21,ODA,1996-11-23,2002-11-23,/images/senatori/zantovskym_295.jpg,https://senat.cz/senatori/index.php?ke_dni=23.02.1997&lng=cz&par_3=21
156,Miroslav Škaloud,21,ODS,2002-11-02,2008-11-02,/images/senatori/skaloudm_295.jpg,https://senat.cz/senatori/index.php?ke_dni=02.02.2003&lng=cz&par_3=156
156,Miroslav Škaloud,21,ODS,2008-10-25,2014-10-25,/images/senatori/skaloudm_295.jpg,https://senat.cz/senatori/index.php?ke_dni=25.01.2009&lng=cz&par_3=156
278,Václav Láska,21,KDUČSLSZ,2014-10-18,2020-10-18,/images/senatori/laskav_295.jpg,https://senat.cz/senatori/index.php?ke_dni=18.01.2015&lng=cz&par_3=278
278,Václav Láska,21,SEN 21,2020-10-10,2026-10-10,/images/senatori/laskav_295.jpg,https://senat.cz/senatori/index.php?ke_dni=10.01.2021&lng=cz&par_3=278
22,Milan Kondr,22,ODS,1996-11-16,1998-11-16,/images/senatori/kondrm_295.jpg,https://senat.cz/senatori/index.php?ke_dni=16.02.1997&lng=cz&par_3=22
89,Zuzana Roithová,22,4KOALICE,1998-11-21,2004-07-20,/images/senatori/roithovaz_295.jpg,https://senat.cz/senatori/index.php?ke_dni=21.02.1999&lng=cz&par_3=89
174,Jaromír Štětina,22,SZ,2004-11-13,2010-11-13,/images/senatori/stetinaj_295.jpg,https://senat.cz/senatori/index.php?ke_dni=13.02.2005&lng=cz&par_3=174
174,Jaromír Štětina,22,TOP+STAN,2010-10-23,2014-06-30,/images/senatori/stetinaj_295.jpg,https://senat.cz/senatori/index.php?ke_dni=23.01.2011&lng=cz&par_3=174
273,Ivana Cabrnochová,22,SZ+ČSSD,2014-09-27,2016-10-23,/images/senatori/cabrnochovai_295.jpg,https://senat.cz/senatori/index.php?ke_dni=27.12.2014&lng=cz&par_3=273
297,Renata Chmelová,22,KDU+Pir+DPD+LES,2016-10-15,2022-10-15,/images/senatori/chmelovar_295.jpg,https://senat.cz/senatori/index.php?ke_dni=15.01.2017&lng=cz&par_3=297
361,Jan Pirk,22,KDU+ODS+TOP 09,2022-10-01,2028-10-01,/images/senatori/pirkj_295.jpg,https://senat.cz/senatori/index.php?ke_dni=01.01.2023&lng=cz&par_3=361
23,Alena Palečková,23,ODS,1996-11-23,2000-11-23,/images/senatori/paleckovaa_295.jpg,https://senat.cz/senatori/index.php?ke_dni=23.02.1997&lng=cz&par_3=23
23,Alena Palečková,23,ODS,2000-11-19,2006-11-19,/images/senatori/paleckovaa_295.jpg,https://senat.cz/senatori/index.php?ke_dni=19.02.2001&lng=cz&par_3=23
23,Alena Palečková,23,ODS,2006-10-28,2012-10-28,/images/senatori/paleckovaa_295.jpg,https://senat.cz/senatori/index.php?ke_dni=28.01.2007&lng=cz&par_3=23
118,Daniela Filipiová,23,ODS,2012-10-20,2018-10-20,/images/senatori/filipiovad_295.jpg,https://senat.cz/senatori/index.php?ke_dni=20.01.2013&lng=cz&par_3=118
320,Lukáš Wagenknecht,23,Piráti,2018-10-13,2024-10-13,/images/senatori/wagenknechtl_295.jpg,https://senat.cz/senatori/index.php?ke_dni=13.01.2019&lng=cz&par_3=320
24,Josef Pavlata,24,ODS,1996-11-23,2002-11-23,/images/senatori/pavlataj_295.jpg,https://senat.cz/senatori/index.php?ke_dni=23.02.1997&lng=cz&par_3=24
24,Josef Pavlata,24,ODS,2002-11-02,2008-11-02,/images/senatori/pavlataj_295.jpg,https://senat.cz/senatori/index.php?ke_dni=02.02.2003&lng=cz&par_3=24
216,Tomáš Kladívko,24,ODS,2008-10-25,2014-10-25,/images/senatori/kladivkot_295.jpg,https://senat.cz/senatori/index.php?ke_dni=25.01.2009&lng=cz&par_3=216
279,Zuzana Baudyšová,24,ANO 2011,2014-10-18,2019-01-29,/images/senatori/baudysovaz_295.jpg,https://senat.cz/senatori/index.php?ke_dni=18.01.2015&lng=cz&par_3=279
334,David Smoljak,24,STAN,2019-04-13,2020-10-18,/images/senatori/smoljakd_295.jpg,https://senat.cz/senatori/index.php?ke_dni=13.07.2019&lng=cz&par_3=334
334,David Smoljak,24,STAN+Piráti+TOP,2020-10-10,2026-10-10,/images/senatori/smoljakd_295.jpg,https://senat.cz/senatori/index.php?ke_dni=10.01.2021&lng=cz&par_3=334
25,Jan Koukal,25,ODS,1996-11-16,1998-11-16,/images/senatori/koukalj_295.jpg,https://senat.cz/senatori/index.php?ke_dni=16.02.1997&lng=cz&par_3=25
90,Jan Ruml,25,4KOALICE,1998-11-21,2004-11-21,/images/senatori/rumlj_295.jpg,https://senat.cz/senatori/index.php?ke_dni=21.02.1999&lng=cz&par_3=90
175,Karel Schwarzenberg,25,USDEUODA,2004-11-13,2010-05-28,/images/senatori/schwarzenbergk_295.jpg,https://senat.cz/senatori/index.php?ke_dni=13.02.2005&lng=cz&par_3=175
236,Petr Bratský,25,ODS,2010-10-23,2016-10-23,/images/senatori/bratskyp_295.jpg,https://senat.cz/senatori/index.php?ke_dni=23.01.2011&lng=cz&par_3=236
298,Jiří Růžička,25,TOP+STAN,2016-10-15,2022-10-15,/images/senatori/ruzickaj_295.jpg,https://senat.cz/senatori/index.php?ke_dni=15.01.2017&lng=cz&par_3=298
298,Jiří Růžička,25,KDU+ODS+STA+TOP,2022-09-24,2028-09-24,/images/senatori/ruzickaj_295.jpg,https://senat.cz/senatori/index.php?ke_dni=24.12.2022&lng=cz&par_3=298
26,Vladimír Zeman,26,ODS,1996-11-16,2000-11-16,/images/senatori/zemanv_295.jpg,https://senat.cz/senatori/index.php?ke_dni=16.02.1997&lng=cz&par_3=26
118,Daniela Filipiová,26,ODS,2000-11-19,2006-11-19,/images/senatori/filipiovad_295.jpg,https://senat.cz/senatori/index.php?ke_dni=19.02.2001&lng=cz&par_3=118
118,Daniela Filipiová,26,ODS,2006-10-28,2012-10-28,/images/senatori/filipiovad_295.jpg,https://senat.cz/senatori/index.php?ke_dni=28.01.2007&lng=cz&par_3=118
269,Libor Michálek,26,PirSZKDU,2012-10-20,2018-10-20,/images/senatori/michalekl_295.jpg,https://senat.cz/senatori/index.php?ke_dni=20.01.2013&lng=cz&par_3=269
321,Marek Hilšer,26,MHS,2018-10-13,2024-10-13,/images/senatori/hilserm_295.jpg,https://senat.cz/senatori/index.php?ke_dni=13.01.2019&lng=cz&par_3=321
27,Václav Benda,27,ODS,1996-11-23,1999-06-02,/images/senatori/bendav_295.jpg,https://senat.cz/senatori/index.php?ke_dni=23.02.1997&lng=cz&par_3=27
109,Václav Fischer,27,NK,1999-08-28,2002-11-23,/images/senatori/fischerv_295.jpg,https://senat.cz/senatori/index.php?ke_dni=28.11.1999&lng=cz&par_3=109
146,Martin Mejstřík,27,CZ,2002-11-02,2008-11-02,/images/senatori/mejstrikm_295.jpg,https://senat.cz/senatori/index.php?ke_dni=02.02.2003&lng=cz&par_3=146
217,Zdeněk Schwarz,27,ODS,2008-10-25,2014-10-25,/images/senatori/schwarzz_295.jpg,https://senat.cz/senatori/index.php?ke_dni=25.01.2009&lng=cz&par_3=217
280,Václav Hampl,27,KDUČSLSZ,2014-10-18,2020-10-18,/images/senatori/hamplv_295.jpg,https://senat.cz/senatori/index.php?ke_dni=18.01.2015&lng=cz&par_3=280
342,Miroslava Němcová,27,ODS+STAN+TOP 09,2020-10-10,2026-10-10,/images/senatori/nemcovam_295.jpg,https://senat.cz/senatori/index.php?ke_dni=10.01.2021&lng=cz&par_3=342
28,Jaroslav Horák,28,ODS,1996-11-23,1998-11-23,/images/senatori/horakj_295.jpg,https://senat.cz/senatori/index.php?ke_dni=23.02.1997&lng=cz&par_3=28
28,Jaroslav Horák,28,ODS,1998-11-21,2004-11-21,/images/senatori/horakj_295.jpg,https://senat.cz/senatori/index.php?ke_dni=21.02.1999&lng=cz&par_3=28
176,Jiří Nedoma,28,ODS,2004-11-13,2010-11-13,/images/senatori/nedomaj_295.jpg,https://senat.cz/senatori/index.php?ke_dni=13.02.2005&lng=cz&par_3=176
237,Veronika Vrecionová,28,ODS,2010-10-23,2016-10-23,/images/senatori/vrecionovav_295.jpg,https://senat.cz/senatori/index.php?ke_dni=23.01.2011&lng=cz&par_3=237
299,Petr Holeček,28,STAN,2016-10-15,2022-10-15,/images/senatori/holecekp_295.jpg,https://senat.cz/senatori/index.php?ke_dni=15.01.2017&lng=cz&par_3=299
363,Jarmila Smotlachová,28,ODS,2022-10-01,2028-10-01,/images/senatori/smotlachovaj_295.jpg,https://senat.cz/senatori/index.php?ke_dni=01.01.2023&lng=cz&par_3=363
29,Karel Burda,29,ODS,1996-11-23,2000-11-23,/images/senatori/burdak_295.jpg,https://senat.cz/senatori/index.php?ke_dni=23.02.1997&lng=cz&par_3=29
119,Zdeněk Bárta,29,KDU-ČSL,2000-11-19,2006-11-19,/images/senatori/bartaz_295.jpg,https://senat.cz/senatori/index.php?ke_dni=19.02.2001&lng=cz&par_3=119
195,Alexandr Vondra,29,ODS,2006-10-28,2012-10-28,/images/senatori/vondraa_295.jpg,https://senat.cz/senatori/index.php?ke_dni=28.01.2007&lng=cz&par_3=195
262,Hassan Mezian,29,ČSSD,2012-10-20,2018-10-20,/images/senatori/mezianh_295.jpg,https://senat.cz/senatori/index.php?ke_dni=20.01.2013&lng=cz&par_3=262
322,Ladislav Chlupáč,29,ODS,2018-10-13,2024-10-13,/images/senatori/chlupacl_295.jpg,https://senat.cz/senatori/index.php?ke_dni=13.01.2019&lng=cz&par_3=322
30,Ladislav Svoboda,30,ČSSD,1996-11-23,2002-11-23,/images/senatori/svobodal_295.jpg,https://senat.cz/senatori/index.php?ke_dni=23.02.1997&lng=cz&par_3=30
30,Ladislav Svoboda,30,ČSSD,2002-11-02,2008-11-02,/images/senatori/svobodal_295.jpg,https://senat.cz/senatori/index.php?ke_dni=02.02.2003&lng=cz&par_3=30
218,Jiří Dienstbier,30,ČSSD,2008-10-25,2011-01-08,/images/senatori/dienstbierj_295.jpg,https://senat.cz/senatori/index.php?ke_dni=25.01.2009&lng=cz&par_3=218
253,Jiří Dienstbier,30,ČSSD,2011-03-26,2014-10-25,/images/senatori/dienstbierji_295.jpg,https://senat.cz/senatori/index.php?ke_dni=26.06.2011&lng=cz&par_3=253
253,Jiří Dienstbier,30,ČSSD,2014-10-18,2020-10-18,/images/senatori/dienstbierji_295.jpg,https://senat.cz/senatori/index.php?ke_dni=18.01.2015&lng=cz&par_3=253
343,Adéla Šípová,30,Piráti,2020-10-10,2026-10-10,/images/senatori/sipovaa_295.jpg,https://senat.cz/senatori/index.php?ke_dni=10.01.2021&lng=cz&par_3=343
31,Oto Neubauer,31,ČSSD,1996-11-23,1998-11-23,/images/senatori/neubauero_295.jpg,https://senat.cz/senatori/index.php?ke_dni=23.02.1997&lng=cz&par_3=31
92,Jaroslav Doubrava,31,KSČM,1998-11-21,2004-11-21,/images/senatori/doubravaj_295.jpg,https://senat.cz/senatori/index.php?ke_dni=21.02.1999&lng=cz&par_3=92
177,Pavel Sušický,31,ODS,2004-11-13,2010-11-13,/images/senatori/susickyp_295.jpg,https://senat.cz/senatori/index.php?ke_dni=13.02.2005&lng=cz&par_3=177
92,Jaroslav Doubrava,31,S.cz,2010-10-23,2016-10-23,/images/senatori/doubravaj_295.jpg,https://senat.cz/senatori/index.php?ke_dni=23.01.2011&lng=cz&par_3=92
92,Jaroslav Doubrava,31,S.cz,2016-10-15,2022-10-15,/images/senatori/doubravaj_295.jpg,https://senat.cz/senatori/index.php?ke_dni=15.01.2017&lng=cz&par_3=92
364,Martin Krsek,31,SEN 21,2022-10-01,2028-10-01,/images/senatori/krsekm_295.jpg,https://senat.cz/senatori/index.php?ke_dni=01.01.2023&lng=cz&par_3=364
32,Jaroslav Musial,32,ČSSD,1996-11-23,2000-11-23,/images/senatori/musialj_295.jpg,https://senat.cz/senatori/index.php?ke_dni=23.02.1997&lng=cz&par_3=32
120,Jaroslav Kubera,32,ODS,2000-11-19,2006-11-19,/images/senatori/kuberaj_295.jpg,https://senat.cz/senatori/index.php?ke_dni=19.02.2001&lng=cz&par_3=120
120,Jaroslav Kubera,32,ODS,2006-10-28,2012-10-28,/images/senatori/kuberaj_295.jpg,https://senat.cz/senatori/index.php?ke_dni=28.01.2007&lng=cz&par_3=120
120,Jaroslav Kubera,32,ODS,2012-10-20,2018-10-20,/images/senatori/kuberaj_295.jpg,https://senat.cz/senatori/index.php?ke_dni=20.01.2013&lng=cz&par_3=120
120,Jaroslav Kubera,32,ODS,2018-10-13,2020-01-20,/images/senatori/kuberaj_295.jpg,https://senat.cz/senatori/index.php?ke_dni=13.01.2019&lng=cz&par_3=120
335,Hynek Hanza,32,ODS,2020-06-13,2024-10-13,/images/senatori/hanzah_295.jpg,https://senat.cz/senatori/index.php?ke_dni=13.09.2020&lng=cz&par_3=335
33,Egon Lánský,33,ČSSD,1996-11-23,2002-11-23,/images/senatori/lanskye_295.jpg,https://senat.cz/senatori/index.php?ke_dni=23.02.1997&lng=cz&par_3=33
163,Josef Zoser,33,HNHRM,2002-11-02,2008-11-02,/images/senatori/zoserj_295.jpg,https://senat.cz/senatori/index.php?ke_dni=02.02.2003&lng=cz&par_3=163
219,Jaroslav Sykáček,33,ČSSD,2008-10-25,2014-10-25,/images/senatori/sykacekj_295.jpg,https://senat.cz/senatori/index.php?ke_dni=25.01.2009&lng=cz&par_3=219
281,Zbyněk Linhart,33,STAN,2014-10-18,2020-10-18,/images/senatori/linhartz_295.jpg,https://senat.cz/senatori/index.php?ke_dni=18.01.2015&lng=cz&par_3=281
281,Zbyněk Linhart,33,STAN+SLK,2020-10-03,2026-10-03,/images/senatori/linhartz_295.jpg,https://senat.cz/senatori/index.php?ke_dni=03.01.2021&lng=cz&par_3=281
34,Přemysl Sobotka,34,ODS,1996-11-23,1998-11-23,/images/senatori/sobotkap_295.jpg,https://senat.cz/senatori/index.php?ke_dni=23.02.1997&lng=cz&par_3=34
34,Přemysl Sobotka,34,ODS,1998-11-21,2004-11-21,/images/senatori/sobotkap_295.jpg,https://senat.cz/senatori/index.php?ke_dni=21.02.1999&lng=cz&par_3=34
34,Přemysl Sobotka,34,ODS,2004-11-13,2010-11-13,/images/senatori/sobotkap_295.jpg,https://senat.cz/senatori/index.php?ke_dni=13.02.2005&lng=cz&par_3=34
34,Přemysl Sobotka,34,ODS,2010-10-23,2016-10-23,/images/senatori/sobotkap_295.jpg,https://senat.cz/senatori/index.php?ke_dni=23.01.2011&lng=cz&par_3=34
300,Michael Canov,34,STAN+SLK,2016-10-15,2022-10-15,/images/senatori/canovm_295.jpg,https://senat.cz/senatori/index.php?ke_dni=15.01.2017&lng=cz&par_3=300
300,Michael Canov,34,SLK,2022-10-01,2028-10-01,/images/senatori/canovm_295.jpg,https://senat.cz/senatori/index.php?ke_dni=01.01.2023&lng=cz&par_3=300
35,František Vízek,35,ČSSD,1996-11-23,2000-11-23,/images/senatori/vizekf_295.jpg,https://senat.cz/senatori/index.php?ke_dni=23.02.1997&lng=cz&par_3=35
121,Soňa Paukrtová,35,US,2000-11-19,2006-11-19,/images/senatori/paukrtovas_295.jpg,https://senat.cz/senatori/index.php?ke_dni=19.02.2001&lng=cz&par_3=121
121,Soňa Paukrtová,35,SOS,2006-10-28,2012-10-28,/images/senatori/paukrtovas_295.jpg,https://senat.cz/senatori/index.php?ke_dni=28.01.2007&lng=cz&par_3=121
268,Jaroslav Zeman,35,ODS,2012-10-20,2018-10-20,/images/senatori/zemanj_295.jpg,https://senat.cz/senatori/index.php?ke_dni=20.01.2013&lng=cz&par_3=268
268,Jaroslav Zeman,35,ODS,2018-10-13,2024-10-13,/images/senatori/zemanj_295.jpg,https://senat.cz/senatori/index.php?ke_dni=13.01.2019&lng=cz&par_3=268
36,Miroslav Coufal,36,ČSSD,1996-11-23,2002-11-23,/images/senatori/coufalm_295.jpg,https://senat.cz/senatori/index.php?ke_dni=23.02.1997&lng=cz&par_3=36
158,Karel Tejnora,36,ODS,2002-11-02,2008-11-02,/images/senatori/tejnorak_295.jpg,https://senat.cz/senatori/index.php?ke_dni=02.02.2003&lng=cz&par_3=158
220,Karel Kapoun,36,ČSSD,2008-10-25,2014-10-25,/images/senatori/kapounk_295.jpg,https://senat.cz/senatori/index.php?ke_dni=25.01.2009&lng=cz&par_3=220
282,Jiří Vosecký,36,SLK,2014-10-18,2020-10-18,/images/senatori/voseckyj_295.jpg,https://senat.cz/senatori/index.php?ke_dni=18.01.2015&lng=cz&par_3=282
282,Jiří Vosecký,36,STAN+SLK,2020-10-10,2026-10-10,/images/senatori/voseckyj_295.jpg,https://senat.cz/senatori/index.php?ke_dni=10.01.2021&lng=cz&par_3=282
37,Jiří Liška,37,ODS,1996-11-23,1998-11-23,/images/senatori/liskaj_295.jpg,https://senat.cz/senatori/index.php?ke_dni=23.02.1997&lng=cz&par_3=37
37,Jiří Liška,37,ODS,1998-11-21,2004-11-21,/images/senatori/liskaj_295.jpg,https://senat.cz/senatori/index.php?ke_dni=21.02.1999&lng=cz&par_3=37
37,Jiří Liška,37,ODS,2004-11-13,2010-11-13,/images/senatori/liskaj_295.jpg,https://senat.cz/senatori/index.php?ke_dni=13.02.2005&lng=cz&par_3=37
238,Josef Táborský,37,ČSSD,2010-10-23,2016-10-23,/images/senatori/taborskyj_295.jpg,https://senat.cz/senatori/index.php?ke_dni=23.01.2011&lng=cz&par_3=238
301,Tomáš Czernin,37,TOP+STAN,2016-10-15,2022-10-15,/images/senatori/czernint_295.jpg,https://senat.cz/senatori/index.php?ke_dni=15.01.2017&lng=cz&par_3=301
301,Tomáš Czernin,37,KDU+ODS+TOP 09,2022-10-01,2028-10-01,/images/senatori/czernint_295.jpg,https://senat.cz/senatori/index.php?ke_dni=01.01.2023&lng=cz&par_3=301
38,Jarmila Filipová,38,ODS,1996-11-23,2000-11-23,/images/senatori/filipovaj_295.jpg,https://senat.cz/senatori/index.php?ke_dni=23.02.1997&lng=cz&par_3=38
122,Jaroslav Mitlener,38,ODS,2000-11-19,2006-11-19,/images/senatori/mitlenerj_295.jpg,https://senat.cz/senatori/index.php?ke_dni=19.02.2001&lng=cz&par_3=122
196,Jaromír Jermář,38,ČSSD,2006-10-28,2012-10-28,/images/senatori/jermarj_295.jpg,https://senat.cz/senatori/index.php?ke_dni=28.01.2007&lng=cz&par_3=196
196,Jaromír Jermář,38,ČSSD,2012-10-20,2018-10-20,/images/senatori/jermarj_295.jpg,https://senat.cz/senatori/index.php?ke_dni=20.01.2013&lng=cz&par_3=196
323,Raduan Nwelati,38,ODS,2018-10-13,2024-10-13,/images/senatori/nwelatir_295.jpg,https://senat.cz/senatori/index.php?ke_dni=13.01.2019&lng=cz&par_3=323
39,Vlastimil Šubrt,39,ODS,1996-11-23,2002-11-23,/images/senatori/subrtv_295.jpg,https://senat.cz/senatori/index.php?ke_dni=23.02.1997&lng=cz&par_3=39
138,Ivan Adamec,39,ODS,2002-11-02,2008-11-02,/images/senatori/adameci_295.jpg,https://senat.cz/senatori/index.php?ke_dni=02.02.2003&lng=cz&par_3=138
221,Pavel Trpák,39,ČSSD,2008-10-25,2014-10-25,/images/senatori/trpakp_295.jpg,https://senat.cz/senatori/index.php?ke_dni=25.01.2009&lng=cz&par_3=221
283,Jiří Hlavatý,39,ANO 2011,2014-10-18,2017-10-21,/images/senatori/hlavatyj_295.jpg,https://senat.cz/senatori/index.php?ke_dni=18.01.2015&lng=cz&par_3=283
311,Jan Sobotka,39,STAN,2018-01-13,2020-10-18,/images/senatori/sobotkaj_295.jpg,https://senat.cz/senatori/index.php?ke_dni=13.04.2018&lng=cz&par_3=311
311,Jan Sobotka,39,STAN,2020-10-10,2026-10-10,/images/senatori/sobotkaj_295.jpg,https://senat.cz/senatori/index.php?ke_dni=10.01.2021&lng=cz&par_3=311
40,Karel Floss,40,ČSSD,1996-11-23,1998-11-23,/images/senatori/flossk_295.jpg,https://senat.cz/senatori/index.php?ke_dni=23.02.1997&lng=cz&par_3=40
95,Jan Fencl,40,ČSSD,1998-11-21,2004-11-21,/images/senatori/fenclj_295.jpg,https://senat.cz/senatori/index.php?ke_dni=21.02.1999&lng=cz&par_3=95
178,Bedřich Moldan,40,ODS,2004-11-13,2010-11-13,/images/senatori/moldanb_295.jpg,https://senat.cz/senatori/index.php?ke_dni=13.02.2005&lng=cz&par_3=178
239,Jaromír Strnad,40,ČSSD,2010-10-23,2016-10-23,/images/senatori/strnadj_295.jpg,https://senat.cz/senatori/index.php?ke_dni=23.01.2011&lng=cz&par_3=239
239,Jaromír Strnad,40,ČSSD,2016-10-15,2022-10-15,/images/senatori/strnadj_295.jpg,https://senat.cz/senatori/index.php?ke_dni=15.01.2017&lng=cz&par_3=239
365,Bohuslav Procházka,40,KDU-ČSL,2022-10-01,2028-10-01,/images/senatori/prochazkab_295.jpg,https://senat.cz/senatori/index.php?ke_dni=01.01.2023&lng=cz&par_3=365
41,Libuše Benešová,41,ODS,1996-11-23,2000-11-23,/images/senatori/benesoval_295.jpg,https://senat.cz/senatori/index.php?ke_dni=23.02.1997&lng=cz&par_3=41
123,Helena Rögnerová,41,KDU-ČSL,2000-11-19,2006-11-19,/images/senatori/rognerovah_295.jpg,https://senat.cz/senatori/index.php?ke_dni=19.02.2001&lng=cz&par_3=123
197,Karel Šebek,41,ODS,2006-10-28,2012-10-28,/images/senatori/sebekk_295.jpg,https://senat.cz/senatori/index.php?ke_dni=28.01.2007&lng=cz&par_3=197
259,Luděk Jeništa,41,TOP+STAN,2012-10-20,2018-10-20,/images/senatori/jenistal_295.jpg,https://senat.cz/senatori/index.php?ke_dni=20.01.2013&lng=cz&par_3=259
324,Zdeněk Hraba,41,STAN,2018-10-13,2024-10-13,/images/senatori/hrabaz_295.jpg,https://senat.cz/senatori/index.php?ke_dni=13.01.2019&lng=cz&par_3=324
42,Vladislav Malát,42,ODS,1996-11-23,2002-11-23,/images/senatori/malatv_295.jpg,https://senat.cz/senatori/index.php?ke_dni=23.02.1997&lng=cz&par_3=42
150,Jan Rakušan,42,ČSSD,2002-11-02,2008-11-02,/images/senatori/rakusanj_295.jpg,https://senat.cz/senatori/index.php?ke_dni=02.02.2003&lng=cz&par_3=150
222,Pavel Lebeda,42,ČSSD,2008-10-25,2014-10-25,/images/senatori/lebedap_295.jpg,https://senat.cz/senatori/index.php?ke_dni=25.01.2009&lng=cz&par_3=222
284,Emilie Třísková,42,ČSSD,2014-10-18,2020-10-18,/images/senatori/triskovae_295.jpg,https://senat.cz/senatori/index.php?ke_dni=18.01.2015&lng=cz&par_3=284
344,Pavel Kárník,42,STAN,2020-10-10,2026-10-10,/images/senatori/karnikp_295.jpg,https://senat.cz/senatori/index.php?ke_dni=10.01.2021&lng=cz&par_3=344
43,Jaroslava Moserová,43,ODA,1996-11-23,1998-11-23,/images/senatori/moserovaj_295.jpg,https://senat.cz/senatori/index.php?ke_dni=23.02.1997&lng=cz&par_3=43
43,Jaroslava Moserová,43,4KOALICE,1998-11-21,2004-11-21,/images/senatori/moserovaj_295.jpg,https://senat.cz/senatori/index.php?ke_dni=21.02.1999&lng=cz&par_3=43
179,Jiří Stříteský,43,ODS,2004-11-13,2010-11-13,/images/senatori/striteskyj_295.jpg,https://senat.cz/senatori/index.php?ke_dni=13.02.2005&lng=cz&par_3=179
240,Miluše Horská,43,Nestran.,2010-10-23,2016-10-23,/images/senatori/horskam_295.jpg,https://senat.cz/senatori/index.php?ke_dni=23.01.2011&lng=cz&par_3=240
240,Miluše Horská,43,KDU-ČSL+Nestran,2016-10-15,2022-10-15,/images/senatori/horskam_295.jpg,https://senat.cz/senatori/index.php?ke_dni=15.01.2017&lng=cz&par_3=240
240,Miluše Horská,43,KDU-ČSL+Nestran,2022-10-01,2028-10-01,/images/senatori/horskam_295.jpg,https://senat.cz/senatori/index.php?ke_dni=01.01.2023&lng=cz&par_3=240
44,Petr Pithart,44,KDU-ČSL,1996-11-23,2000-11-23,/images/senatori/pithartp_295.jpg,https://senat.cz/senatori/index.php?ke_dni=23.02.1997&lng=cz&par_3=44
44,Petr Pithart,44,KDU-ČSL,2000-11-19,2006-11-19,/images/senatori/pithartp_295.jpg,https://senat.cz/senatori/index.php?ke_dni=19.02.2001&lng=cz&par_3=44
44,Petr Pithart,44,KDU-ČSL,2006-10-28,2012-10-28,/images/senatori/pithartp_295.jpg,https://senat.cz/senatori/index.php?ke_dni=28.01.2007&lng=cz&par_3=44
266,Jan Veleba,44,NK,2012-10-20,2018-10-20,/images/senatori/velebaj_295.jpg,https://senat.cz/senatori/index.php?ke_dni=20.01.2013&lng=cz&par_3=266
325,Jan Tecl,44,ODS+STAN+STO,2018-10-13,2024-10-13,/images/senatori/teclj_295.jpg,https://senat.cz/senatori/index.php?ke_dni=13.01.2019&lng=cz&par_3=325
45,Karel Barták,45,ODA,1996-11-23,2002-11-23,/images/senatori/bartakk_295.jpg,https://senat.cz/senatori/index.php?ke_dni=23.02.1997&lng=cz&par_3=45
45,Karel Barták,45,NK,2002-11-02,2008-11-02,/images/senatori/bartakk_295.jpg,https://senat.cz/senatori/index.php?ke_dni=02.02.2003&lng=cz&par_3=45
223,Vladimír Dryml,45,ČSSD,2008-10-25,2014-10-25,/images/senatori/drymlv_295.jpg,https://senat.cz/senatori/index.php?ke_dni=25.01.2009&lng=cz&par_3=223
285,Jaroslav Malý,45,ČSSD,2014-10-18,2020-10-18,/images/senatori/malyj_295.jpg,https://senat.cz/senatori/index.php?ke_dni=18.01.2015&lng=cz&par_3=285
345,Jan Holásek,45,HDK+TOP+SE+Z+LE,2020-10-10,2026-10-10,/images/senatori/holasekj_295.jpg,https://senat.cz/senatori/index.php?ke_dni=10.01.2021&lng=cz&par_3=345
46,Bohumil Čada,46,KDU-ČSL,1996-11-23,1998-11-23,/images/senatori/cadab_295.jpg,https://senat.cz/senatori/index.php?ke_dni=23.02.1997&lng=cz&par_3=46
46,Bohumil Čada,46,4KOALICE,1998-11-21,2004-11-21,/images/senatori/cadab_295.jpg,https://senat.cz/senatori/index.php?ke_dni=21.02.1999&lng=cz&par_3=46
180,Ludmila Müllerová,46,KDU-ČSL,2004-11-13,2010-11-13,/images/senatori/mulleroval_295.jpg,https://senat.cz/senatori/index.php?ke_dni=13.02.2005&lng=cz&par_3=180
241,Petr Šilar,46,KDU-ČSL,2010-10-23,2016-10-23,/images/senatori/silarp_295.jpg,https://senat.cz/senatori/index.php?ke_dni=23.01.2011&lng=cz&par_3=241
241,Petr Šilar,46,KDU-ČSL,2016-10-15,2022-10-15,/images/senatori/silarp_295.jpg,https://senat.cz/senatori/index.php?ke_dni=15.01.2017&lng=cz&par_3=241
355,Petr Fiala,46,KDU-ČSL+SproK,2022-09-24,2028-09-24,/images/senatori/fialap_295.jpg,https://senat.cz/senatori/index.php?ke_dni=24.12.2022&lng=cz&par_3=355
47,Miloslav Müller,47,ODS,1996-11-23,2000-11-23,/images/senatori/mullerm_295.jpg,https://senat.cz/senatori/index.php?ke_dni=23.02.1997&lng=cz&par_3=47
125,Petr Fejfar,47,US,2000-11-19,2006-11-19,/images/senatori/fejfarp_295.jpg,https://senat.cz/senatori/index.php?ke_dni=19.02.2001&lng=cz&par_3=125
198,Petr Pakosta,47,ODS,2006-10-28,2012-10-28,/images/senatori/pakostap_295.jpg,https://senat.cz/senatori/index.php?ke_dni=28.01.2007&lng=cz&par_3=198
258,Lubomír Franc,47,ČSSD,2012-10-20,2018-10-20,/images/senatori/francl_295.jpg,https://senat.cz/senatori/index.php?ke_dni=20.01.2013&lng=cz&par_3=258
326,Martin Červíček,47,ODS,2018-10-13,2024-10-13,/images/senatori/cervicekm_295.jpg,https://senat.cz/senatori/index.php?ke_dni=13.01.2019&lng=cz&par_3=326
48,František Bartoš,48,KDU-ČSL,1996-11-23,2002-11-23,/images/senatori/bartosf_295.jpg,https://senat.cz/senatori/index.php?ke_dni=23.02.1997&lng=cz&par_3=48
141,Václava Domšová,48,SNK,2002-11-02,2008-11-02,/images/senatori/domsovav_295.jpg,https://senat.cz/senatori/index.php?ke_dni=02.02.2003&lng=cz&par_3=141
224,Miroslav Antl,48,ČSSD,2008-10-25,2014-10-25,/images/senatori/antlm_295.jpg,https://senat.cz/senatori/index.php?ke_dni=25.01.2009&lng=cz&par_3=224
224,Miroslav Antl,48,ČSSD,2014-10-18,2020-10-18,/images/senatori/antlm_295.jpg,https://senat.cz/senatori/index.php?ke_dni=18.01.2015&lng=cz&par_3=224
346,Jan Grulich,48,TOP 09+LES,2020-10-10,2026-10-10,/images/senatori/grulichj_295.jpg,https://senat.cz/senatori/index.php?ke_dni=10.01.2021&lng=cz&par_3=346
49,Libor Pavlů,49,ČSSD,1996-11-23,1998-11-23,/images/senatori/pavlul_295.jpg,https://senat.cz/senatori/index.php?ke_dni=23.02.1997&lng=cz&par_3=49
98,Stanislav Bělehrádek,49,4KOALICE,1998-11-21,2004-11-21,/images/senatori/belehradeks_295.jpg,https://senat.cz/senatori/index.php?ke_dni=21.02.1999&lng=cz&par_3=98
181,Vlastimil Sehnal,49,ODS,2004-11-13,2010-11-13,/images/senatori/sehnalv_295.jpg,https://senat.cz/senatori/index.php?ke_dni=13.02.2005&lng=cz&par_3=181
242,Jozef Regec,49,ČSSD,2010-10-23,2016-10-23,/images/senatori/regecj_295.jpg,https://senat.cz/senatori/index.php?ke_dni=23.01.2011&lng=cz&par_3=242
302,Jaromíra Vítková,49,KDU-ČSL,2016-10-15,2022-10-15,/images/senatori/vitkovaj_295.jpg,https://senat.cz/senatori/index.php?ke_dni=15.01.2017&lng=cz&par_3=302
302,Jaromíra Vítková,49,KDU+ODS+TOP 09,2022-10-01,2028-10-01,/images/senatori/vitkovaj_295.jpg,https://senat.cz/senatori/index.php?ke_dni=01.01.2023&lng=cz&par_3=302
50,Jiří Brýdl,50,KDU-ČSL,1996-11-23,2000-11-23,/images/senatori/brydlj_295.jpg,https://senat.cz/senatori/index.php?ke_dni=23.02.1997&lng=cz&par_3=50
50,Jiří Brýdl,50,KDU-ČSL,2000-11-19,2006-11-19,/images/senatori/brydlj_295.jpg,https://senat.cz/senatori/index.php?ke_dni=19.02.2001&lng=cz&par_3=50
199,Václav Koukal,50,KDU-ČSL,2006-10-28,2012-10-28,/images/senatori/koukalv_295.jpg,https://senat.cz/senatori/index.php?ke_dni=28.01.2007&lng=cz&par_3=199
261,Radko Martínek,50,ČSSD,2012-10-20,2018-10-20,/images/senatori/martinekr_295.jpg,https://senat.cz/senatori/index.php?ke_dni=20.01.2013&lng=cz&par_3=261
327,Michal Kortyš,50,ODS,2018-10-13,2024-10-13,/images/senatori/kortysm_295.jpg,https://senat.cz/senatori/index.php?ke_dni=13.01.2019&lng=cz&par_3=327
51,Jiří Šenkýř,51,KDU-ČSL,1996-11-23,2002-11-23,/images/senatori/senkyrj_295.jpg,https://senat.cz/senatori/index.php?ke_dni=23.02.1997&lng=cz&par_3=51
147,Josef Novotný,51,SNK,2002-11-02,2008-11-02,/images/senatori/novotnyj_295.jpg,https://senat.cz/senatori/index.php?ke_dni=02.02.2003&lng=cz&par_3=147
225,Dagmar Zvěřinová,51,ČSSD,2008-10-25,2014-10-25,/images/senatori/zverinovad_295.jpg,https://senat.cz/senatori/index.php?ke_dni=25.01.2009&lng=cz&par_3=225
286,František Bradáč,51,KDU-ČSL,2014-10-18,2020-10-18,/images/senatori/bradacf_295.jpg,https://senat.cz/senatori/index.php?ke_dni=18.01.2015&lng=cz&par_3=286
347,Josef Klement,51,KDU-ČSL,2020-10-10,2026-10-10,/images/senatori/klementj_295.jpg,https://senat.cz/senatori/index.php?ke_dni=10.01.2021&lng=cz&par_3=347
52,Václav Jehlička,52,ODA,1996-11-23,1998-11-23,/images/senatori/jehlickav_295.jpg,https://senat.cz/senatori/index.php?ke_dni=23.02.1997&lng=cz&par_3=52
52,Václav Jehlička,52,4KOALICE,1998-11-21,2004-11-21,/images/senatori/jehlickav_295.jpg,https://senat.cz/senatori/index.php?ke_dni=21.02.1999&lng=cz&par_3=52
52,Václav Jehlička,52,KDU-ČSL,2004-11-13,2010-11-13,/images/senatori/jehlickav_295.jpg,https://senat.cz/senatori/index.php?ke_dni=13.02.2005&lng=cz&par_3=52
243,Miloš Vystrčil,52,ODS,2010-10-23,2016-10-23,/images/senatori/vystrcilm_295.jpg,https://senat.cz/senatori/index.php?ke_dni=23.01.2011&lng=cz&par_3=243
243,Miloš Vystrčil,52,ODSSNKEDSsČRSTO,2016-10-15,2022-10-15,/images/senatori/vystrcilm_295.jpg,https://senat.cz/senatori/index.php?ke_dni=15.01.2017&lng=cz&par_3=243
243,Miloš Vystrčil,52,KDU+ODS+TOP 09,2022-10-01,2028-10-01,/images/senatori/vystrcilm_295.jpg,https://senat.cz/senatori/index.php?ke_dni=01.01.2023&lng=cz&par_3=243
53,Pavel Heřman,53,DEU,1996-11-23,2000-11-23,/images/senatori/hermanp_295.jpg,https://senat.cz/senatori/index.php?ke_dni=23.02.1997&lng=cz&par_3=53
127,Pavel Janata,53,KDU-ČSL,2000-11-19,2006-11-19,/images/senatori/janatap_295.jpg,https://senat.cz/senatori/index.php?ke_dni=19.02.2001&lng=cz&par_3=127
200,Vítězslav Jonáš,53,ODS,2006-10-28,2012-10-28,/images/senatori/jonasv_295.jpg,https://senat.cz/senatori/index.php?ke_dni=28.01.2007&lng=cz&par_3=200
256,František Bublan,53,ČSSD,2012-10-20,2018-10-20,/images/senatori/bublanf_295.jpg,https://senat.cz/senatori/index.php?ke_dni=20.01.2013&lng=cz&par_3=256
328,Hana Žáková,53,STAN,2018-10-13,2024-10-13,/images/senatori/zakovah_295.jpg,https://senat.cz/senatori/index.php?ke_dni=13.01.2019&lng=cz&par_3=328
54,Milan Špaček,54,KDU-ČSL,1996-11-23,2002-11-23,/images/senatori/spacekm_295.jpg,https://senat.cz/senatori/index.php?ke_dni=23.02.1997&lng=cz&par_3=54
137,Vladimír Železný,54,NEZ,2002-10-26,2004-07-20,/images/senatori/zeleznyv_295.jpg,https://senat.cz/senatori/index.php?ke_dni=26.01.2003&lng=cz&par_3=137
54,Milan Špaček,54,KDU-ČSL,2004-10-16,2008-10-26,/images/senatori/spacekm_295.jpg,https://senat.cz/senatori/index.php?ke_dni=16.01.2005&lng=cz&par_3=54
226,Marta Bayerová,54,KSČM,2008-10-25,2014-10-25,/images/senatori/bayerovam_295.jpg,https://senat.cz/senatori/index.php?ke_dni=25.01.2009&lng=cz&par_3=226
287,Pavel Štohl,54,ČSSD,2014-10-18,2020-10-18,/images/senatori/stohlp_295.jpg,https://senat.cz/senatori/index.php?ke_dni=18.01.2015&lng=cz&par_3=287
348,Tomáš Třetina,54,ODS+STAN+TOP 09,2020-10-10,2026-10-10,/images/senatori/tretinat_295.jpg,https://senat.cz/senatori/index.php?ke_dni=10.01.2021&lng=cz&par_3=348
55,Vlasta Svobodová,55,ODS,1996-11-23,1998-11-23,/images/senatori/svobodovav_295.jpg,https://senat.cz/senatori/index.php?ke_dni=23.02.1997&lng=cz&par_3=55
100,Tomáš Julínek,55,ODS,1998-11-21,2004-11-21,/images/senatori/julinekt_295.jpg,https://senat.cz/senatori/index.php?ke_dni=21.02.1999&lng=cz&par_3=100
100,Tomáš Julínek,55,ODS,2004-11-13,2010-11-13,/images/senatori/julinekt_295.jpg,https://senat.cz/senatori/index.php?ke_dni=13.02.2005&lng=cz&par_3=100
244,Jan Žaloudík,55,ČSSD,2010-10-23,2016-10-23,/images/senatori/zaloudikj_295.jpg,https://senat.cz/senatori/index.php?ke_dni=23.01.2011&lng=cz&par_3=244
244,Jan Žaloudík,55,ČSSD,2016-10-15,2022-10-15,/images/senatori/zaloudikj_295.jpg,https://senat.cz/senatori/index.php?ke_dni=15.01.2017&lng=cz&par_3=244
194,Tomáš Töpfer,55,KDU+ODS+TOP 09,2022-10-01,2028-10-01,/images/senatori/topfert_295.jpg,https://senat.cz/senatori/index.php?ke_dni=01.01.2023&lng=cz&par_3=194
56,Jiří Pavlov,56,ODS,1996-11-23,2000-11-23,/images/senatori/pavlovj_295.jpg,https://senat.cz/senatori/index.php?ke_dni=23.02.1997&lng=cz&par_3=56
128,Vladimír Schovánek,56,US,2000-11-19,2006-11-19,/images/senatori/schovanekv_295.jpg,https://senat.cz/senatori/index.php?ke_dni=19.02.2001&lng=cz&par_3=128
201,Jan Hajda,56,ČSSD,2006-10-28,2012-10-28,/images/senatori/hajdaj_295.jpg,https://senat.cz/senatori/index.php?ke_dni=28.01.2007&lng=cz&par_3=201
201,Jan Hajda,56,ČSSD,2012-10-20,2018-02-27,/images/senatori/hajdaj_295.jpg,https://senat.cz/senatori/index.php?ke_dni=20.01.2013&lng=cz&par_3=201
329,Rostislav Koštial,56,ODS,2018-10-13,2024-10-13,/images/senatori/kostialr_295.jpg,https://senat.cz/senatori/index.php?ke_dni=13.01.2019&lng=cz&par_3=329
57,Oldřich Dočekal,57,KDU-ČSL,1996-11-23,2002-11-23,/images/senatori/docekalo_295.jpg,https://senat.cz/senatori/index.php?ke_dni=23.02.1997&lng=cz&par_3=57
139,Ivo Bárek,57,ČSSD,2002-11-02,2008-11-02,/images/senatori/bareki_295.jpg,https://senat.cz/senatori/index.php?ke_dni=02.02.2003&lng=cz&par_3=139
139,Ivo Bárek,57,ČSSD,2008-10-25,2014-10-25,/images/senatori/bareki_295.jpg,https://senat.cz/senatori/index.php?ke_dni=25.01.2009&lng=cz&par_3=139
139,Ivo Bárek,57,ČSSD,2014-10-18,2020-10-18,/images/senatori/bareki_295.jpg,https://senat.cz/senatori/index.php?ke_dni=18.01.2015&lng=cz&par_3=139
349,Karel Zitterbart,57,STAN,2020-10-10,2026-10-10,/images/senatori/zitterbartk_295.jpg,https://senat.cz/senatori/index.php?ke_dni=10.01.2021&lng=cz&par_3=349
58,Luděk Zahradníček,58,ODS,1996-11-23,1998-11-23,/images/senatori/zahradnicekl_295.jpg,https://senat.cz/senatori/index.php?ke_dni=23.02.1997&lng=cz&par_3=58
101,Dagmar Lastovecká,58,ODS,1998-11-21,2003-08-29,/images/senatori/lastoveckad_295.jpg,https://senat.cz/senatori/index.php?ke_dni=21.02.1999&lng=cz&par_3=101
166,Karel Jarůšek,58,ODS,2003-11-08,2004-11-21,/images/senatori/jarusekk_295.jpg,https://senat.cz/senatori/index.php?ke_dni=08.02.2004&lng=cz&par_3=166
182,Rostislav Slavotínek,58,KDU-ČSL,2004-11-13,2010-11-13,/images/senatori/slavotinekr_295.jpg,https://senat.cz/senatori/index.php?ke_dni=13.02.2005&lng=cz&par_3=182
245,Stanislav Juránek,58,KDU-ČSL,2010-10-23,2016-10-23,/images/senatori/juraneks_295.jpg,https://senat.cz/senatori/index.php?ke_dni=23.01.2011&lng=cz&par_3=245
303,Jiří Dušek,58,ANO 2011,2016-10-15,2022-10-15,/images/senatori/dusekj_295.jpg,https://senat.cz/senatori/index.php?ke_dni=15.01.2017&lng=cz&par_3=303
303,Jiří Dušek,58,ČSSDODSVasFaktB,2022-10-01,2028-10-01,/images/senatori/dusekj_295.jpg,https://senat.cz/senatori/index.php?ke_dni=01.01.2023&lng=cz&par_3=303
59,Richard Salzmann,59,ODS,1996-11-23,2000-11-23,/images/senatori/salzmannr_295.jpg,https://senat.cz/senatori/index.php?ke_dni=23.02.1997&lng=cz&par_3=59
129,Milan Šimonovský,59,KDU-ČSL,2000-11-19,2006-06-02,/images/senatori/simonovskym_295.jpg,https://senat.cz/senatori/index.php?ke_dni=19.02.2001&lng=cz&par_3=129
202,Richard Svoboda,59,ODS,2006-10-28,2012-10-28,/images/senatori/svobodar_295.jpg,https://senat.cz/senatori/index.php?ke_dni=28.01.2007&lng=cz&par_3=202
267,Eliška Wagnerová,59,SZ,2012-10-20,2018-10-20,/images/senatori/wagnerovae_295.jpg,https://senat.cz/senatori/index.php?ke_dni=20.01.2013&lng=cz&par_3=267
330,Mikuláš Bek,59,ZelODSSTANTOP09,2018-10-13,2024-10-13,/images/senatori/bekm_295.jpg,https://senat.cz/senatori/index.php?ke_dni=13.01.2019&lng=cz&par_3=330
60,Jan Zahradníček,60,KDU-ČSL,1996-11-16,2002-11-16,/images/senatori/zahradnicekj_295.jpg,https://senat.cz/senatori/index.php?ke_dni=16.02.1997&lng=cz&par_3=60
162,Jiří Zlatuška,60,LiRA,2002-11-02,2008-11-02,/images/senatori/zlatuskaj_295.jpg,https://senat.cz/senatori/index.php?ke_dni=02.02.2003&lng=cz&par_3=162
228,Miloš Janeček,60,ČSSD,2008-10-25,2014-10-25,/images/senatori/janecekm_295.jpg,https://senat.cz/senatori/index.php?ke_dni=25.01.2009&lng=cz&par_3=228
288,Zdeněk Papoušek,60,KDU-ČSL,2014-10-18,2020-10-18,/images/senatori/papousekz_295.jpg,https://senat.cz/senatori/index.php?ke_dni=18.01.2015&lng=cz&par_3=288
350,Roman Kraus,60,ODS+TOP 09,2020-10-10,2026-10-10,/images/senatori/krausr_295.jpg,https://senat.cz/senatori/index.php?ke_dni=10.01.2021&lng=cz&par_3=350
61,Josef Jařab,61,ODA,1996-11-23,1998-11-23,/images/senatori/jarabj_295.jpg,https://senat.cz/senatori/index.php?ke_dni=23.02.1997&lng=cz&par_3=61
102,František Mezihorák,61,ČSSD,1998-11-21,2004-11-21,/images/senatori/mezihorakf_295.jpg,https://senat.cz/senatori/index.php?ke_dni=21.02.1999&lng=cz&par_3=102
183,Jan Hálek,61,ODS,2004-11-13,2010-11-13,/images/senatori/halekj_295.jpg,https://senat.cz/senatori/index.php?ke_dni=13.02.2005&lng=cz&par_3=183
246,Martin Tesařík,61,ČSSD,2010-10-23,2016-10-23,/images/senatori/tesarikm_295.jpg,https://senat.cz/senatori/index.php?ke_dni=23.01.2011&lng=cz&par_3=246
304,Lumír Kantor,61,KDU-ČSL,2016-10-15,2022-10-15,/images/senatori/kantorl_295.jpg,https://senat.cz/senatori/index.php?ke_dni=15.01.2017&lng=cz&par_3=304
304,Lumír Kantor,61,KDU+ODS+TOP 09,2022-10-01,2028-10-01,/images/senatori/kantorl_295.jpg,https://senat.cz/senatori/index.php?ke_dni=01.01.2023&lng=cz&par_3=304
62,Jan Kavan,62,ČSSD,1996-11-23,2000-11-23,/images/senatori/kavanj_295.jpg,https://senat.cz/senatori/index.php?ke_dni=23.02.1997&lng=cz&par_3=62
130,Robert Kolář,62,US,2000-11-19,2006-11-19,/images/senatori/kolarr_295.jpg,https://senat.cz/senatori/index.php?ke_dni=19.02.2001&lng=cz&par_3=130
203,Božena Sekaninová,62,ČSSD,2006-10-28,2012-10-28,/images/senatori/sekaninovab_295.jpg,https://senat.cz/senatori/index.php?ke_dni=28.01.2007&lng=cz&par_3=203
203,Božena Sekaninová,62,ČSSD,2012-10-20,2018-10-20,/images/senatori/sekaninovab_295.jpg,https://senat.cz/senatori/index.php?ke_dni=20.01.2013&lng=cz&par_3=203
331,Jitka Chalánková,62,NK,2018-10-13,2024-10-13,/images/senatori/chalankovaj_295.jpg,https://senat.cz/senatori/index.php?ke_dni=13.01.2019&lng=cz&par_3=331
63,Jitka Seitlová,63,ODA,1996-11-23,2002-11-23,/images/senatori/seitlovaj_295.jpg,https://senat.cz/senatori/index.php?ke_dni=23.02.1997&lng=cz&par_3=63
63,Jitka Seitlová,63,NEZ,2002-11-02,2007-02-14,/images/senatori/seitlovaj_295.jpg,https://senat.cz/senatori/index.php?ke_dni=02.02.2003&lng=cz&par_3=63
210,Jiří Lajtoch,63,ČSSD,2007-05-05,2008-11-02,/images/senatori/lajtochj_295.jpg,https://senat.cz/senatori/index.php?ke_dni=05.08.2007&lng=cz&par_3=210
210,Jiří Lajtoch,63,ČSSD,2008-10-25,2014-10-25,/images/senatori/lajtochj_295.jpg,https://senat.cz/senatori/index.php?ke_dni=25.01.2009&lng=cz&par_3=210
63,Jitka Seitlová,63,KDUČSLSZ,2014-10-18,2020-10-18,/images/senatori/seitlovaj_295.jpg,https://senat.cz/senatori/index.php?ke_dni=18.01.2015&lng=cz&par_3=63
63,Jitka Seitlová,63,KDU-ČSL,2020-10-10,2026-10-10,/images/senatori/seitlovaj_295.jpg,https://senat.cz/senatori/index.php?ke_dni=10.01.2021&lng=cz&par_3=63
64,Zdeněk Babka,64,ČSSD,1996-11-23,1998-11-23,/images/senatori/babkaz_295.jpg,https://senat.cz/senatori/index.php?ke_dni=23.02.1997&lng=cz&par_3=64
103,Rostislav Harazin,64,KSČM,1998-11-21,2004-11-21,/images/senatori/harazinr_295.jpg,https://senat.cz/senatori/index.php?ke_dni=21.02.1999&lng=cz&par_3=103
184,Jiří Žák,64,ODS,2004-11-13,2010-11-13,/images/senatori/zakj_295.jpg,https://senat.cz/senatori/index.php?ke_dni=13.02.2005&lng=cz&par_3=184
247,Jaroslav Palas,64,ČSSD,2010-10-23,2016-10-23,/images/senatori/palasj_295.jpg,https://senat.cz/senatori/index.php?ke_dni=23.01.2011&lng=cz&par_3=247
305,Ladislav Václavec,64,ANO 2011,2016-10-15,2022-10-15,/images/senatori/vaclavecl_295.jpg,https://senat.cz/senatori/index.php?ke_dni=15.01.2017&lng=cz&par_3=305
305,Ladislav Václavec,64,ANO,2022-09-24,2028-09-24,/images/senatori/vaclavecl_295.jpg,https://senat.cz/senatori/index.php?ke_dni=24.12.2022&lng=cz&par_3=305
65,Václav Reitinger,65,ČSSD,1996-11-23,2000-11-23,/images/senatori/reitingerv_295.jpg,https://senat.cz/senatori/index.php?ke_dni=23.02.1997&lng=cz&par_3=65
131,Adolf Jílek,65,KDU-ČSL,2000-11-19,2006-11-19,/images/senatori/jileka_295.jpg,https://senat.cz/senatori/index.php?ke_dni=19.02.2001&lng=cz&par_3=131
131,Adolf Jílek,65,KDU-ČSL,2006-10-28,2012-10-28,/images/senatori/jileka_295.jpg,https://senat.cz/senatori/index.php?ke_dni=28.01.2007&lng=cz&par_3=131
255,Zdeněk Brož,65,KDU+NV,2012-10-20,2018-10-20,/images/senatori/brozz_295.jpg,https://senat.cz/senatori/index.php?ke_dni=20.01.2013&lng=cz&par_3=255
332,Miroslav Adámek,65,ANO,2018-10-13,2024-10-13,/images/senatori/adamekm_295.jpg,https://senat.cz/senatori/index.php?ke_dni=13.01.2019&lng=cz&par_3=332
66,Karel Korytář,66,ČSSD,1996-11-23,2002-11-23,/images/senatori/korytark_295.jpg,https://senat.cz/senatori/index.php?ke_dni=23.02.1997&lng=cz&par_3=66
160,Vítězslav Vavroušek,66,ODS,2002-11-02,2008-11-02,/images/senatori/vavrousekv_295.jpg,https://senat.cz/senatori/index.php?ke_dni=02.02.2003&lng=cz&par_3=160
66,Karel Korytář,66,ČSSD,2008-10-25,2014-10-25,/images/senatori/korytark_295.jpg,https://senat.cz/senatori/index.php?ke_dni=25.01.2009&lng=cz&par_3=66
289,Alena Šromová,66,KDU-ČSL,2014-10-18,2020-10-18,/images/senatori/sromovaa_295.jpg,https://senat.cz/senatori/index.php?ke_dni=18.01.2015&lng=cz&par_3=289
351,Marek Ošťádal,66,STAN,2020-10-10,2026-10-10,/images/senatori/ostadalm_295.jpg,https://senat.cz/senatori/index.php?ke_dni=10.01.2021&lng=cz&par_3=351
67,František Konečný,67,ODS,1996-11-23,1998-11-23,/images/senatori/konecnyf_295.jpg,https://senat.cz/senatori/index.php?ke_dni=23.02.1997&lng=cz&par_3=67
104,Jaroslav Šula,67,4KOALICE,1998-11-21,2004-11-21,/images/senatori/sulaj_295.jpg,https://senat.cz/senatori/index.php?ke_dni=21.02.1999&lng=cz&par_3=104
185,Milan Bureš,67,ODS,2004-11-13,2010-11-13,/images/senatori/buresm_295.jpg,https://senat.cz/senatori/index.php?ke_dni=13.02.2005&lng=cz&par_3=185
248,Zdeněk Besta,67,ČSSD,2010-10-23,2016-10-23,/images/senatori/bestaz_295.jpg,https://senat.cz/senatori/index.php?ke_dni=23.01.2011&lng=cz&par_3=248
306,Petr Orel,67,KDUČSLSZ,2016-10-15,2022-10-15,/images/senatori/orelp_295.jpg,https://senat.cz/senatori/index.php?ke_dni=15.01.2017&lng=cz&par_3=306
366,Ivana Váňová,67,KDU+ODS+TOP 09,2022-10-01,2028-10-01,/images/senatori/vanovai_295.jpg,https://senat.cz/senatori/index.php?ke_dni=01.01.2023&lng=cz&par_3=366
68,Jan Voráček,68,ODS,1996-11-23,2000-11-23,/images/senatori/voracekj_295.jpg,https://senat.cz/senatori/index.php?ke_dni=23.02.1997&lng=cz&par_3=68
61,Josef Jařab,68,ODA,2000-11-19,2006-11-19,/images/senatori/jarabj_295.jpg,https://senat.cz/senatori/index.php?ke_dni=19.02.2001&lng=cz&par_3=61
204,Václav Vlček,68,ODS,2006-10-28,2012-10-28,/images/senatori/vlcekv_295.jpg,https://senat.cz/senatori/index.php?ke_dni=28.01.2007&lng=cz&par_3=204
264,Vladimír Plaček,68,ČSSD,2012-10-20,2018-08-02,/images/senatori/placekv_295.jpg,https://senat.cz/senatori/index.php?ke_dni=20.01.2013&lng=cz&par_3=264
333,Herbert Pavera,68,ODS+STAN+TOP 09,2018-10-13,2024-10-13,/images/senatori/paverah_295.jpg,https://senat.cz/senatori/index.php?ke_dni=13.01.2019&lng=cz&par_3=333
69,Věra Vašínková,69,ČSSD,1996-11-23,2002-11-23,/images/senatori/vasinkovav_295.jpg,https://senat.cz/senatori/index.php?ke_dni=23.02.1997&lng=cz&par_3=69
143,František Kopecký,69,ODS,2002-11-02,2008-11-02,/images/senatori/kopeckyf_295.jpg,https://senat.cz/senatori/index.php?ke_dni=02.02.2003&lng=cz&par_3=143
229,Eva Richtrová,69,ČSSD,2008-10-25,2014-10-25,/images/senatori/richtrovae_295.jpg,https://senat.cz/senatori/index.php?ke_dni=25.01.2009&lng=cz&par_3=229
290,Jiří Carbol,69,KDU-ČSL,2014-10-18,2020-10-18,/images/senatori/carbolj_295.jpg,https://senat.cz/senatori/index.php?ke_dni=18.01.2015&lng=cz&par_3=290
352,Helena Pešatová,69,STAN,2020-10-10,2026-10-10,/images/senatori/pesatovah_295.jpg,https://senat.cz/senatori/index.php?ke_dni=10.01.2021&lng=cz&par_3=352
70,Mirek Topolánek,70,ODS,1996-11-23,1998-11-23,/images/senatori/topolanekm_295.jpg,https://senat.cz/senatori/index.php?ke_dni=23.02.1997&lng=cz&par_3=70
70,Mirek Topolánek,70,ODS,1998-11-21,2004-11-21,/images/senatori/topolanekm_295.jpg,https://senat.cz/senatori/index.php?ke_dni=21.02.1999&lng=cz&par_3=70
186,Liana Janáčková,70,NEZ,2004-11-13,2010-11-13,/images/senatori/janackoval_295.jpg,https://senat.cz/senatori/index.php?ke_dni=13.02.2005&lng=cz&par_3=186
249,Antonín Maštalíř,70,ČSSD,2010-10-23,2016-10-23,/images/senatori/mastalira_295.jpg,https://senat.cz/senatori/index.php?ke_dni=23.01.2011&lng=cz&par_3=249
307,Zdeněk Nytra,70,NK,2016-10-15,2022-10-15,/images/senatori/nytraz_295.jpg,https://senat.cz/senatori/index.php?ke_dni=15.01.2017&lng=cz&par_3=307
307,Zdeněk Nytra,70,KDU+ODS+TOP 09,2022-10-01,2028-10-01,/images/senatori/nytraz_295.jpg,https://senat.cz/senatori/index.php?ke_dni=01.01.2023&lng=cz&par_3=307
71,Jan Zapletal,71,ČSSD,1996-11-23,2000-11-23,/images/senatori/zapletalj_295.jpg,https://senat.cz/senatori/index.php?ke_dni=23.02.1997&lng=cz&par_3=71
133,Milan Balabán,71,ODS,2000-11-19,2006-11-19,/images/senatori/balabanm_295.jpg,https://senat.cz/senatori/index.php?ke_dni=19.02.2001&lng=cz&par_3=133
205,Otakar Veřovský,71,ČSSD,2006-10-28,2012-10-28,/images/senatori/verovskyo_295.jpg,https://senat.cz/senatori/index.php?ke_dni=28.01.2007&lng=cz&par_3=205
270,Leopold Sulovský,71,Ostravak,2012-10-20,2018-10-20,/images/senatori/sulovskyl_295.jpg,https://senat.cz/senatori/index.php?ke_dni=20.01.2013&lng=cz&par_3=270
270,Leopold Sulovský,71,Ostravak,2018-10-13,2024-10-13,/images/senatori/sulovskyl_295.jpg,https://senat.cz/senatori/index.php?ke_dni=13.01.2019&lng=cz&par_3=270
72,Vítězslav Matuška,72,ČSSD,1996-11-23,2002-11-23,/images/senatori/matuskav_295.jpg,https://senat.cz/senatori/index.php?ke_dni=23.02.1997&lng=cz&par_3=72
151,Václav Roubíček,72,ODS,2002-11-02,2008-11-02,/images/senatori/roubicekv_295.jpg,https://senat.cz/senatori/index.php?ke_dni=02.02.2003&lng=cz&par_3=151
230,Petr Guziana,72,ČSSD,2008-10-25,2014-10-25,/images/senatori/guzianap_295.jpg,https://senat.cz/senatori/index.php?ke_dni=25.01.2009&lng=cz&par_3=230
291,Peter Koliba,72,ANO 2011,2014-10-18,2020-10-18,/images/senatori/kolibap_295.jpg,https://senat.cz/senatori/index.php?ke_dni=18.01.2015&lng=cz&par_3=291
353,Ondřej Šimetka,72,ODS,2020-10-10,2026-10-10,/images/senatori/simetkao_295.jpg,https://senat.cz/senatori/index.php?ke_dni=10.01.2021&lng=cz&par_3=353
73,Emil Škrabiš,73,KDU-ČSL,1996-11-23,1998-11-23,/images/senatori/skrabise_295.jpg,https://senat.cz/senatori/index.php?ke_dni=23.02.1997&lng=cz&par_3=73
73,Emil Škrabiš,73,4KOALICE,1998-11-21,2004-11-21,/images/senatori/skrabise_295.jpg,https://senat.cz/senatori/index.php?ke_dni=21.02.1999&lng=cz&par_3=73
187,Igor Petrov,73,SNK,2004-11-13,2010-11-13,/images/senatori/petrovi_295.jpg,https://senat.cz/senatori/index.php?ke_dni=13.02.2005&lng=cz&par_3=187
250,Petr Gawlas,73,ČSSD,2010-10-23,2016-10-23,/images/senatori/gawlasp_295.jpg,https://senat.cz/senatori/index.php?ke_dni=23.01.2011&lng=cz&par_3=250
308,Jiří Cieńciała,73,"""OSN""",2016-10-15,2022-10-15,/images/senatori/ciencialaj_295.jpg,https://senat.cz/senatori/index.php?ke_dni=15.01.2017&lng=cz&par_3=308
367,Zdeněk Matušek,73,ČSSD+ANO,2022-10-01,2028-10-01,/images/senatori/matusekz_295.jpg,https://senat.cz/senatori/index.php?ke_dni=01.01.2023&lng=cz&par_3=367
74,Alfréd Michalík,74,ČSSD,1996-11-23,2000-11-23,/images/senatori/michalika_295.jpg,https://senat.cz/senatori/index.php?ke_dni=23.02.1997&lng=cz&par_3=74
134,Ondřej Feber,74,US,2000-11-19,2006-11-19,/images/senatori/febero_295.jpg,https://senat.cz/senatori/index.php?ke_dni=19.02.2001&lng=cz&par_3=134
206,Petr Vícha,74,ČSSD,2006-10-28,2012-10-28,/images/senatori/vichap_295.jpg,https://senat.cz/senatori/index.php?ke_dni=28.01.2007&lng=cz&par_3=206
206,Petr Vícha,74,ČSSD,2012-10-20,2018-10-20,/images/senatori/vichap_295.jpg,https://senat.cz/senatori/index.php?ke_dni=20.01.2013&lng=cz&par_3=206
206,Petr Vícha,74,ČSSD,2018-10-13,2024-10-13,/images/senatori/vichap_295.jpg,https://senat.cz/senatori/index.php?ke_dni=13.01.2019&lng=cz&par_3=206
75,Antonín Petráš,75,KSČM,1996-11-23,2002-11-23,/images/senatori/petrasa_295.jpg,https://senat.cz/senatori/index.php?ke_dni=23.02.1997&lng=cz&par_3=75
145,Eduard Matykiewicz,75,KSČM,2002-11-02,2008-11-02,/images/senatori/matykiewicze_295.jpg,https://senat.cz/senatori/index.php?ke_dni=02.02.2003&lng=cz&par_3=145
231,Radek Sušil,75,ČSSD,2008-10-18,2014-10-18,/images/senatori/susilr_295.jpg,https://senat.cz/senatori/index.php?ke_dni=18.01.2009&lng=cz&par_3=231
231,Radek Sušil,75,ČSSD,2014-10-18,2020-10-18,/images/senatori/susilr_295.jpg,https://senat.cz/senatori/index.php?ke_dni=18.01.2015&lng=cz&par_3=231
134,Ondřej Feber,75,ANO,2020-10-10,2026-10-10,/images/senatori/febero_295.jpg,https://senat.cz/senatori/index.php?ke_dni=10.01.2021&lng=cz&par_3=134
76,Eva Nováková,76,KDU-ČSL,1996-11-23,1998-11-23,/images/senatori/novakovae_295.jpg,https://senat.cz/senatori/index.php?ke_dni=23.02.1997&lng=cz&par_3=76
107,František Kroupa,76,4KOALICE,1998-11-21,2004-11-21,/images/senatori/kroupaf_295.jpg,https://senat.cz/senatori/index.php?ke_dni=21.02.1999&lng=cz&par_3=107
188,Zdeněk Janalík,76,ODS,2004-11-13,2010-11-13,/images/senatori/janalikz_295.jpg,https://senat.cz/senatori/index.php?ke_dni=13.02.2005&lng=cz&par_3=188
251,Miloš Malý,76,ČSSD,2010-10-23,2016-10-23,/images/senatori/malym_295.jpg,https://senat.cz/senatori/index.php?ke_dni=23.01.2011&lng=cz&par_3=251
309,Šárka Jelínková,76,KDU-ČSL,2016-10-15,2022-10-15,/images/senatori/jelinkovas_295.jpg,https://senat.cz/senatori/index.php?ke_dni=15.01.2017&lng=cz&par_3=309
368,Jana Zwyrtek Hamplová,76,NEZ,2022-10-01,2028-10-01,/images/senatori/hamplovaj_295.jpg,https://senat.cz/senatori/index.php?ke_dni=01.01.2023&lng=cz&par_3=368
77,Vladimír Oplt,77,ODS,1996-11-23,2000-11-23,/images/senatori/opltv_295.jpg,https://senat.cz/senatori/index.php?ke_dni=23.02.1997&lng=cz&par_3=77
135,Jaroslav Kubín,77,NK,2000-11-19,2006-11-19,/images/senatori/kubinj_295.jpg,https://senat.cz/senatori/index.php?ke_dni=19.02.2001&lng=cz&par_3=135
207,Jiří Čunek,77,KDU-ČSL,2006-10-28,2012-10-28,/images/senatori/cunekj_295.jpg,https://senat.cz/senatori/index.php?ke_dni=28.01.2007&lng=cz&par_3=207
207,Jiří Čunek,77,KDU-ČSL,2012-10-20,2018-10-20,/images/senatori/cunekj_295.jpg,https://senat.cz/senatori/index.php?ke_dni=20.01.2013&lng=cz&par_3=207
207,Jiří Čunek,77,KDU-ČSL,2018-10-06,2024-10-06,/images/senatori/cunekj_295.jpg,https://senat.cz/senatori/index.php?ke_dni=06.01.2019&lng=cz&par_3=207
78,Irena Ondrová,78,ODS,1996-11-23,2002-11-23,/images/senatori/ondrovai_295.jpg,https://senat.cz/senatori/index.php?ke_dni=23.02.1997&lng=cz&par_3=78
142,Alena Gajdůšková,78,ČSSD,2002-11-02,2008-11-02,/images/senatori/gajduskovaa_295.jpg,https://senat.cz/senatori/index.php?ke_dni=02.02.2003&lng=cz&par_3=142
142,Alena Gajdůšková,78,ČSSD,2008-10-25,2014-10-25,/images/senatori/gajduskovaa_295.jpg,https://senat.cz/senatori/index.php?ke_dni=25.01.2009&lng=cz&par_3=142
292,František Čuba,78,SPO,2014-10-18,2018-02-28,/images/senatori/cubaf_295.jpg,https://senat.cz/senatori/index.php?ke_dni=18.01.2015&lng=cz&par_3=292
312,Tomáš Goláň,78,SEN 21,2018-05-26,2020-10-18,/images/senatori/golant_295.jpg,https://senat.cz/senatori/index.php?ke_dni=26.08.2018&lng=cz&par_3=312
312,Tomáš Goláň,78,SEN 21,2020-10-10,2026-10-10,/images/senatori/golant_295.jpg,https://senat.cz/senatori/index.php?ke_dni=10.01.2021&lng=cz&par_3=312
79,Jan Benda,79,KDU-ČSL,1996-11-23,1998-11-23,/images/senatori/bendaj_295.jpg,https://senat.cz/senatori/index.php?ke_dni=23.02.1997&lng=cz&par_3=79
108,Josef Kaňa,79,4KOALICE,1998-11-21,2004-11-21,/images/senatori/kanaj_295.jpg,https://senat.cz/senatori/index.php?ke_dni=21.02.1999&lng=cz&par_3=108
189,Alena Venhodová,79,ODS,2004-11-13,2010-11-13,/images/senatori/venhodovaa_295.jpg,https://senat.cz/senatori/index.php?ke_dni=13.02.2005&lng=cz&par_3=189
252,Zdeněk Škromach,79,ČSSD,2010-10-23,2016-10-23,/images/senatori/skromachz_295.jpg,https://senat.cz/senatori/index.php?ke_dni=23.01.2011&lng=cz&par_3=252
310,Anna Hubáčková,79,KDU-ČSL,2016-10-15,2022-10-15,/images/senatori/hubackovaa_295.jpg,https://senat.cz/senatori/index.php?ke_dni=15.01.2017&lng=cz&par_3=310
369,Eva Rajchmanová,79,KDU+ODS+TOP 09,2022-10-01,2028-10-01,/images/senatori/rajchmanovae_295.jpg,https://senat.cz/senatori/index.php?ke_dni=01.01.2023&lng=cz&par_3=369
80,Jiří Stodůlka,80,KDU-ČSL,1996-11-23,2000-11-23,/images/senatori/stodulkaj_295.jpg,https://senat.cz/senatori/index.php?ke_dni=23.02.1997&lng=cz&par_3=80
80,Jiří Stodůlka,80,KDU-ČSL,2000-11-19,2006-11-19,/images/senatori/stodulkaj_295.jpg,https://senat.cz/senatori/index.php?ke_dni=19.02.2001&lng=cz&par_3=80
208,Jana Juřenčáková,80,NSK,2006-10-28,2012-10-28,/images/senatori/jurencakovaj_295.jpg,https://senat.cz/senatori/index.php?ke_dni=28.01.2007&lng=cz&par_3=208
263,Tomio Okamura,80,NK,2012-10-20,2013-10-26,/images/senatori/okamurat_295.jpg,https://senat.cz/senatori/index.php?ke_dni=20.01.2013&lng=cz&par_3=263
272,Patrik Kunčar,80,KDU-ČSL,2014-01-18,2018-10-20,/images/senatori/kuncarp_295.jpg,https://senat.cz/senatori/index.php?ke_dni=18.04.2014&lng=cz&par_3=272
272,Patrik Kunčar,80,KDU-ČSL,2018-10-13,2024-10-13,/images/senatori/kuncarp_295.jpg,https://senat.cz/senatori/index.php?ke_dni=13.01.2019&lng=cz&par_3=272
81,Jaroslav Petřík,81,KDU-ČSL,1996-11-23,2002-11-23,/images/senatori/petrikj_295.jpg,https://senat.cz/senatori/index.php?ke_dni=23.02.1997&lng=cz&par_3=81
159,Josef Vaculík,81,KDU-ČSL,2002-11-02,2008-11-02,/images/senatori/vaculikj_295.jpg,https://senat.cz/senatori/index.php?ke_dni=02.02.2003&lng=cz&par_3=159
232,Hana Doupovcová,81,ČSSD,2008-10-25,2014-10-25,/images/senatori/doupovcovah_295.jpg,https://senat.cz/senatori/index.php?ke_dni=25.01.2009&lng=cz&par_3=232
293,Ivo Valenta,81,SsČR,2014-10-18,2020-10-18,/images/senatori/valentai_295.jpg,https://senat.cz/senatori/index.php?ke_dni=18.01.2015&lng=cz&par_3=293
354,Josef Bazala,81,KDU-ČSL,2020-10-10,2026-10-10,/images/senatori/bazalaj_295.jpg,https://senat.cz/senatori/index.php?ke_dni=10.01.2021&lng=cz&par_3=354
